Sentence;S;I;D;Tokens per line;WER per line;;;;;;;;;;;;;
_____, _ _______ ________ ____ _____, ______ ______ _________ _ 13 -_________ _______ ______.;2;0;0;14;0,143;;;;;;;;;;;;;
__ _____ ______ __ ______ ________ ___________ __ _____ 6 ______, ________ _ ____________ ______ __ _______.;4;1;1;17;0,353;;;;;;;;;;;;;
_____ ____ _______, _____ ______ __ __ _________ __ ______ ______.;0;0;0;11;0,000;;;;;;;;;;;;;
______ _____ _____ _______, _________ __ _ _____.;3;0;1;8;0,444;;;;;;;;;;;;;
___ ____ ______, __ __ __ ______ _ __ _____, __ ______ _______.;1;0;2;13;0,200;;;;;;;;;;;;;
__ _____ ________, _____ _______.;0;0;0;5;0,000;;;;;;;;;;;;;
__ __ _______ _____ _____ __ ___________ ________ _____.;1;0;0;9;0,111;;;;;;;;;;;;;
__ ____ __ ________ __ _ _______ ______, _______ _ _____ ____ __ _ ___.;2;0;1;15;0,188;;;;;;;;;;;;;
_____ _ ________ __ __ ______ _______.;1;1;1;7;0,429;;;;;;;;;;;;;
___________ _____ ______ ______ __ ________ ___ ______, ______ ______ _______ __ ______ ______ __ __ ___ _ __ _____ ___ ___, ______ _ ____ __ _______.;5;0;4;27;0,290;;;;;;;;;;;;;
____ _ ___ -________ _____ __ _____ __ ______ __ _______ _____ _____ __ _______.;2;0;0;15;0,133;;;;;;;;;;;;;
____ _ ____ __ _____.;1;0;1;5;0,333;;;;;;;;;;;;;
___ ____ ______ __ ____ _____ ________ __ __ __ _____ ______ _ ______ __ ____ __ ____ __ _.;5;4;1;20;0,588;;;;;;;;;;;;;
__ ___ __ __ __ _______, __ ___ __ _ _____ _____ _ __ __ _____ ____, _____ _____.;1;0;0;19;0,053;;;;;;;;;;;;;
_______ __ ______, ____ _____, _____ __ ________ ____ __ _________.;1;1;0;11;0,200;;;;;;;;;;;;;
_____ ______ _ __ ______ ______.;4;0;0;6;0,667;;;;;;;;;;;;;
_ ___ -____ _, __ ____ __ ______ _ __ _________.;2;0;0;11;0,182;;;;;;;;;;;;;
__ _____ __ ___ -__ _____.;3;0;0;6;0,500;;;;;;;;;;;;;
_________ ___ _ ___________, __ __ ____ __ _____ __ __ ____.;3;0;1;12;0,308;;;;;;;;;;;;;
_____, ______ ____ _________ __ _____, ____ __ __ ____ __ -____.;2;1;1;12;0,333;;;;;;;;;;;;;
_ __ _________ __ _______ _ ______ _ ____ __ ______ _ _____ __ ____.;3;1;0;15;0,286;;;;;;;;;;;;;
_ _ ______ ________.;2;0;0;4;0,500;;;;;;;;;;;;;
__ ____ ___________ __ ______, __________ _ __________ _____ _______ _ _____.;1;1;0;12;0,182;;;;;;;;;;;;;
____ __ _ ________.;0;0;0;4;0,000;;;;;;;;;;;;;
____ _ ____ ______ __ __ _______ _ ________ _______ _____ _ ______ _ ______ ______.;4;0;0;16;0,250;;;;;;;;;;;;;
____ _________ ____ ____ ____ ________ __ 2 _______.;6;1;1;9;0,889;;;;;;;;;;;;;
_ ____ ___ _________, __ ______ ____ __________ _ ______ __ __ _____ __ __ ____ ___ -___.;7;1;0;18;0,471;;;;;;;;;;;;;
_______ ____ _ ______ ______.;1;0;1;5;0,333;;;;;;;;;;;;;
_______ ______ __ __ _____ _____ __ __________.;1;0;0;8;0,125;;;;;;;;;;;;;
__ ____ _ _______ ______, _____ ______.;1;0;0;7;0,143;;;;;;;;;;;;;
___________ __ ________ ___ ____, __ _______ __ __ ______ ________ _ ______ __ __ ______.;3;1;0;16;0,267;;;;;;;;;;;;;
______ ______ __ __ _____ _______.;1;0;0;6;0,167;;;;;;;;;;;;;
______ __ __ ______, __ ____ ____ __ __ ______.;1;1;1;10;0,300;;;;;;;;;;;;;
______ _ __________ _ __ _____, __ ______ _ _________.;1;0;1;10;0,182;;;;;;;;;;;;;
__ _____ ____ __ _ _______ __ __ _________.;2;0;0;9;0,222;;;;;;;;;;;;;
__________ _ ___________ __ _______ _ _____ _______ ___.;1;0;0;9;0,111;;;;;;;;;;;;;
_________ __ __ _______ ____ ____ __ __ ___________ _________ __ ______.;2;2;0;12;0,400;;;;;;;;;;;;;
__ ______ _ __________.;1;0;0;4;0,250;;;;;;;;;;;;;
_____ __ __ _ _____?;2;1;1;5;0,800;;;;;;;;;;;;;
____ _______ __ _____.;0;0;0;4;0,000;;;;;;;;;;;;;
____ __ __ _ _____ _ _____ __ __ _ _____.;0;2;0;11;0,222;;;;;;;;;;;;;
___ __ _____, __ __ ___ __ ___ __ _____ ______________, ___ __ ____.;3;0;3;14;0,353;;;;;;;;;;;;;
__ ____ ___ _____ _____ __ _________ ___ ____ ___.;1;0;6;10;0,438;;;;;;;;;;;;;
__ ______ __ _________ __ ________ _ __ ________ _______ _____, __ ______ __ _______ _ _____ ___.;5;1;2;18;0,421;;;;;;;;;;;;;
___ ____ __ _____, ____ __ __ ___ ______.;2;0;0;9;0,222;;;;;;;;;;;;;
____ _______ ___ ______ _ __ ______ ___ __ _________ _ ____ __ _ ____ _____ __ _______.;1;0;0;18;0,056;;;;;;;;;;;;;
______ _ ______ _ ___________ __ __________ _ ____.;3;0;0;9;0,333;;;;;;;;;;;;;
______ _____________ _ _______ _ ___________ __ _ _ ___________ __ __ ______ ____ _____.;0;0;1;15;0,063;;;;;;;;;;;;;
___ _ _______ _____, __ ______ __ ______ __ ____ _____ _ __ ___.;1;0;0;14;0,071;;;;;;;;;;;;;
__ ______ ___.;1;0;0;3;0,333;;;;;;;;;;;;;
_____ _ ____ __, ____?;2;0;0;5;0,400;;;;;;;;;;;;;
____ __ _________ __ _____ ____ ____, __?;2;0;0;8;0,250;;;;;;;;;;;;;
__, __ _ ____ ___ _____ ______, _____ _ __ __ __ ____.;5;0;1;13;0,429;;;;;;;;;;;;;
__________, ____, __ __ __ _____, __ ____ ___ _____ ____ _______ __ _____.;3;0;0;14;0,214;;;;;;;;;;;;;
_, __, __ ______, ______!;2;0;2;5;0,571;;;;;;;;;;;;;
____ __ __, ______, __ _____ __ __, ____.;3;2;0;9;0,714;;;;;;;;;;;;;
__ __ _______!;0;0;0;3;0,000;;;;;;;;;;;;;
____?;1;0;0;1;1,000;;;;;;;;;;;;;
__ __ ____ _______, __ __ ______ ____ ____ _ ____ ____ __ ______?;3;1;0;14;0,308;;;;;;;;;;;;;
____ __?;0;0;2;2;0,500;;;;;;;;;;;;;
___ __ ________, __ __ __ _____?;3;0;1;7;0,500;;;;;;;;;;;;;
______, ______, _____?;1;0;0;3;0,333;;;;;;;;;;;;;
______, __, __ ________, __ __ __ __ __ _________.;2;3;0;10;0,714;;;;;;;;;;;;;
__, ________, __ __ ______ ________.;0;0;0;6;0,000;;;;;;;;;;;;;
______, ____ __.;2;0;0;3;0,667;;;;;;;;;;;;;
___ ______, ______, ____ __.;2;0;0;5;0,400;;;;;;;;;;;;;
______, _____ __ ____ __ _____ __ ______ _________.;3;2;0;9;0,714;;;;;;;;;;;;;
_____ __ __?;0;0;0;3;0,000;;;;;;;;;;;;;
_____ ___, _____ ___.;0;0;0;4;0,000;;;;;;;;;;;;;
____ __ ____.;0;0;0;3;0,000;;;;;;;;;;;;;
_______ __?;1;0;1;2;0,667;;;;;;;;;;;;;
_______ ___.;1;0;0;2;0,500;;;;;;;;;;;;;
__, __ ________.;1;0;0;3;0,333;;;;;;;;;;;;;
_ _ ___ __ ______, _ ____ _______ ____ ____ __ _______.;2;2;0;12;0,400;;;;;;;;;;;;;
___, _________, _______, __ _____, __ __ _____ ____, _____ ____, __ __ ____.;5;0;1;14;0,400;;;;;;;;;;;;;
_________, ____ __ __ __ _______ _____.;2;0;0;7;0,286;;;;;;;;;;;;;
__ -_____ _ ____ __ __ ______ _ ______ __ __, __ __ __ __ ________ __ _ ____.;3;1;1;19;0,263;;;;;;;;;;;;;
__ ____, ___ __ _____, ______, _____ _____ ____ ____.;1;0;1;10;0,182;;;;;;;;;;;;;
_____ ____, __ ____, ____ ___ _ __ __ _______ ___ ___.;1;0;2;12;0,214;;;;;;;;;;;;;
_____, __ ____, __ __ ____ ___ ____ __ ____ __, ____ ______ _ _____ __ ____ _______ ______________.;2;0;1;19;0,150;;;;;;;;;;;;;
__ __ _______ ______ __ ______ __ __ _______.;1;0;0;9;0,111;;;;;;;;;;;;;
____ __ __ __ _______ ________ ______.;1;2;0;7;0,600;;;;;;;;;;;;;
__ ____ ____ __ ________, __ __ -_____ __ _____ __.;1;2;0;11;0,333;;;;;;;;;;;;;
__ ____, _ ________ _____, __ ______ ____ ____ __ __ ______ _ __________.;2;0;0;14;0,143;;;;;;;;;;;;;
____ _ _____, __ __ ________ ____, ____ _____, _ _______.;2;0;2;11;0,308;;;;;;;;;;;;;
____ ____ _____, __ __ _____ ____ __ ____ __ __ ______.;2;0;1;12;0,231;;;;;;;;;;;;;
__ -_____ _________ ______ ______ __ ________ _______ __ ___________ __ ______.;1;0;1;12;0,154;;;;;;;;;;;;;
___ ______ ______, ______ _____ ____ __ __ ___ _ ________.;1;0;1;11;0,167;;;;;;;;;;;;;
____, _____, __ ______ ______ __ __ ______ __ _______.;3;0;0;10;0,300;;;;;;;;;;;;;
_ __ __ ___ _ __ ______ __ _______?;4;2;0;9;0,857;;;;;;;;;;;;;
______ __ ________ ____.;1;0;0;4;0,250;;;;;;;;;;;;;
_____ ___ ___________.;2;1;0;3;1,500;;;;;;;;;;;;;
_____, _____ __ _______ _____, __ __ ____ __ _ _______.;6;0;2;11;0,615;;;;;;;;;;;;;
__ ___ _ ____ __ _____.;2;0;1;6;0,429;;;;;;;;;;;;;
_____ __ __ ________ ______, __ ____ ____ __ ___ _______ _ __ __ ____ ________ ______.;5;0;2;17;0,368;;;;;;;;;;;;;
_ ____ __ _ ___________, ______ __________, __ ____, __ _______.;2;0;0;11;0,182;;;;;;;;;;;;;
____ __, __ _______ __ ____ _ ________ _ ______ ______ _______, __ __ ____.;4;0;2;15;0,353;;;;;;;;;;;;;
__ ______ ___ _ ____ ____ __ __ ________.;1;1;1;9;0,333;;;;;;;;;;;;;
_ ____ __ ____ _____ __________.;3;0;1;6;0,571;;;;;;;;;;;;;
__ __ _________ __ ______?;2;0;1;5;0,500;;;;;;;;;;;;;
_____ ___ ____.;2;0;0;3;0,667;;;;;;;;;;;;;
__ __ ____.;2;1;2;3;1,250;;;;;;;;;;;;;
_ _____?;0;0;0;2;0,000;;;;;;;;;;;;;
_ _____, ___ ____ _ 13 -_______ _______ _ ____ __ ______ __ _____ __?;1;1;;15;0,143;;;;;;;;;;;;;
___ ________ _________.;1;0;2;3;0,600;;;;;;;;;;;;;
__ ____ __ ____ ____ ___ __ ____ _ ___.;2;1;0;10;0,333;;;;;;;;;;;;;
_ __, ___ ____ ____.;2;1;0;5;0,750;;;;;;;;;;;;;
______, __ __ ____ __ ________, _____ ____.;1;2;0;8;0,500;;;;;;;;;;;;;
__ _________ _ ________ ____ _____ _ _ __ _____ _ ____.;5;2;0;12;0,700;;;;;;;;;;;;;
_ __ _____, __ _ ____ _____ __ ______ ______.;1;0;0;10;0,100;;;;;;;;;;;;;
__ ______ __ ______ _________ _______________ __.;3;0;1;7;0,500;;;;;;;;;;;;;
__ ____ ______ __ __ ______ _ ____, ________.;0;0;1;9;0,100;;;;;;;;;;;;;
_________ _ ______ ________.;0;0;0;4;0,000;;;;;;;;;;;;;
_____, ____ ______?;0;0;0;3;0,000;;;;;;;;;;;;;
_____, ____ _____ ____ _____ _______.;2;0;0;6;0,333;;;;;;;;;;;;;
_______ __ _ ____ _____ _____.;3;1;0;6;0,800;;;;;;;;;;;;;
_____ _____ ___.;2;0;0;3;0,667;;;;;;;;;;;;;
____ ____ ____ ______ __ _______.;2;0;1;6;0,429;;;;;;;;;;;;;
____.;0;0;0;1;0,000;;;;;;;;;;;;;
____ _ _____, __ __ ______ __ ________ ____ ________.;2;1;1;10;0,400;;;;;;;;;;;;;
____ __ __ __ _____, __ _____ ______.;3;0;0;8;0,375;;;;;;;;;;;;;
________ ______________.;1;0;0;2;0,500;;;;;;;;;;;;;
___ __ ______.;0;0;0;3;0,000;;;;;;;;;;;;;
__ _ ___ ____.;0;0;0;4;0,000;;;;;;;;;;;;;
__ ____ ____ __ ____ ____.;0;0;0;6;0,000;;;;;;;;;;;;;
__ ____ __ _ __________ _________ ____.;1;0;0;7;0,143;;;;;;;;;;;;;
____ __ __ -_____ __ _____ __ _____ _____.;1;1;2;9;0,400;;;;;;;;;;;;;
________ __ ________ _ ____, ______ __ __ _____ _ ______ _ _____ ____ __ _ ________.;2;0;0;17;0,118;;;;;;;;;;;;;
__ ____ ____, ______ __ _ __ ______.;0;0;0;8;0,000;;;;;;;;;;;;;
____ __ __ _____ ____ _______.;0;0;0;6;0,000;;;;;;;;;;;;;
_ __ _____ _ ____ __ -______ __ ______ _.;2;0;1;10;0,273;;;;;;;;;;;;;
____ __ __ __ ________, __ __ ___ ____ __ ______ __ _____ _____.;1;0;0;14;0,071;;;;;;;;;;;;;
_____ __ ______ _____.;3;0;1;4;0,800;;;;;;;;;;;;;
____ __ __ __ ___ _________ ____ _ ______.;1;0;1;9;0,200;;;;;;;;;;;;;
____ _ ______ _____ _ ______.;1;0;0;6;0,167;;;;;;;;;;;;;
__ _____ __ _ ______.;0;0;0;5;0,000;;;;;;;;;;;;;
__ ___ _ ___ ____.;0;0;0;5;0,000;;;;;;;;;;;;;
______ _________ __ ____.;2;0;0;4;0,500;;;;;;;;;;;;;
__ __________ ______ ______ _ _________ __ _____ __ _____.;1;0;0;10;0,100;;;;;;;;;;;;;
__ ____ ___ __ ______ __ _____ __ ____ _____ _ __________ __ ____.;1;0;0;14;0,071;;;;;;;;;;;;;
__!;0;0;0;1;0,000;;;;;;;;;;;;;
_, __ ________ _____ _____.;1;0;0;5;0,200;;;;;;;;;;;;;
____ _ ________ _____ _____.;1;0;1;5;0,333;;;;;;;;;;;;;
__ ______, __ _ ____ _______ ________.;0;0;0;7;0,000;;;;;;;;;;;;;
__ _ _____ _ ________.;1;0;1;5;0,333;;;;;;;;;;;;;
_____ ______ __________ _ _____ ________.;0;0;0;6;0,000;;;;;;;;;;;;;
_____ __________ __ ______ ____.;3;0;0;5;0,600;;;;;;;;;;;;;
__ ____ ___.;0;0;0;3;0,000;;;;;;;;;;;;;
__, __ _ ___ _______.;1;1;0;5;0,500;;;;;;;;;;;;;
_ _____ ___ _____ _____?;1;0;0;5;0,200;;;;;;;;;;;;;
__ __ ______ _ _______.;2;0;0;5;0,400;;;;;;;;;;;;;
______ __.;0;0;0;2;0,000;;;;;;;;;;;;;
_____, __ __ ______ __ _______ __ ______.;3;0;0;8;0,375;;;;;;;;;;;;;
______ __ _______ _____ _______.;0;0;0;5;0,000;;;;;;;;;;;;;
_________ ______ __ ___________.;4;0;0;4;1,000;;;;;;;;;;;;;
_________, __ ____ __ _____ ____ __ _______ _______.;3;0;1;9;0,400;;;;;;;;;;;;;
_ ______ ______ _____ _ ________, _____ ______ __ __ __ _________.;7;0;1;12;0,615;;;;;;;;;;;;;
_______ ___, __ ____ __________ _ ________?;1;0;2;7;0,333;;;;;;;;;;;;;
__ _____.;0;0;0;2;0,000;;;;;;;;;;;;;
____, ___ ___ _______ _______, ____ __ __ ______ ____.;2;0;0;10;0,200;;;;;;;;;;;;;
____ __ __ __ _______?;1;0;0;5;0,200;;;;;;;;;;;;;
__, _______ _____.;2;0;2;3;0,800;;;;;;;;;;;;;
_____ __ _____ _ ________.;1;0;2;5;0,429;;;;;;;;;;;;;
______ __ _ ____ _______ ______.;1;0;0;6;0,167;;;;;;;;;;;;;
__ _____ __ ____ ____, ______ _____ ____ __ _ __ ____.;2;2;1;12;0,455;;;;;;;;;;;;;
_ __ _________.;0;0;0;3;0,000;;;;;;;;;;;;;
_____ __?;0;1;3;2;1,000;;;;;;;;;;;;;
_____.;0;0;0;1;0,000;;;;;;;;;;;;;
__ __ _____ _ _____?;1;0;0;5;0,200;;;;;;;;;;;;;
__ __________.;1;0;0;2;0,500;;;;;;;;;;;;;
___ ________ _________, ______ ______ _________ _ ______ __________ __ _____ ______.;2;0;1;12;0,231;;;;;;;;;;;;;
___ __________ __ _______, __ ___ ________ ______ __ ____ ___ ______.;6;0;1;12;0,538;;;;;;;;;;;;;
____ ____ __ ________ ___ _ ______ __ __ _____ ______ __ ________.;4;1;1;13;0,462;;;;;;;;;;;;;
__ ___ _______, __ ______ ________ __ ____ ________ _ __ __ _______ ________.;1;0;1;14;0,133;;;;;;;;;;;;;
__ _____ _____ ____, ___ __ __________ ________.;1;0;1;8;0,222;;;;;;;;;;;;;
___ _______ __ -_____ ______ _ ____________ ____________.;2;0;0;8;0,250;;;;;;;;;;;;;
____ _ __________ __ ______, _____ ___ ____ __ ______.;3;0;0;10;0,300;;;;;;;;;;;;;
_______ _____, __ __ ____ ______ 4 -____ __ ______ __ ____ ____ _________.;1;0;1;14;0,133;;;;;;;;;;;;;
____, _____.;0;0;0;2;0,000;;;;;;;;;;;;;
______, ____ __ ____ _______?;0;0;0;5;0,000;;;;;;;;;;;;;
__ ____ __ ________ _______.;3;0;0;5;0,600;;;;;;;;;;;;;
______, _____ __, ______ ______.;2;0;0;5;0,400;;;;;;;;;;;;;
__ __ __ ____ __ ____, _____ ____ __ __ ______, ____ _____ _ _______, __ ____ ________ _____ __ ________.;4;0;2;21;0,261;;;;;;;;;;;;;
______, _______ __ ____ _ _ ______.;1;1;0;7;0,333;;;;;;;;;;;;;
______, _____ __ __, ______ ______ __ _____.;3;0;0;8;0,375;;;;;;;;;;;;;
_____, ____ __ _____ _____ ____ __ ________ ____ _____.;2;0;1;10;0,273;;;;;;;;;;;;;
______, __ _____ __ __ ____ _ ______.;2;0;0;8;0,250;;;;;;;;;;;;;
______, _______, ___ __ __ _____ _ ______, ________ ___ ____.;2;0;0;11;0,182;;;;;;;;;;;;;
__, _____, __ ____ __ ___ __ ____ _____ __ ____ ______.;3;3;2;12;0,727;;;;;;;;;;;;;
__, ________ __ _______?;0;0;1;4;0,200;;;;;;;;;;;;;
__, ________ __ _______.;1;0;0;4;0,250;;;;;;;;;;;;;
____ __ __ _ ________ ________.;1;0;1;6;0,286;;;;;;;;;;;;;
_____, ________, ________ _ ____.;1;0;1;5;0,333;;;;;;;;;;;;;
____, __ __ _______ _______ ____, ______ ____ __ ______ ___ __.;4;1;2;12;0,538;;;;;;;;;;;;;
_______ __ _____, ____ _____, ________ ___ _______ ________.;2;1;1;9;0,444;;;;;;;;;;;;;
__ ______ __ _____, ___ ____ _____, _______ ____________.;3;0;3;9;0,500;;;;;;;;;;;;;
____ ___ __ ____ __ ________ ____ ______ ______ ___.;2;0;0;10;0,200;;;;;;;;;;;;;
_____ ____ __ ______, ______ _______ _ ________ ______ ________ __ __ __ ______.;2;3;0;14;0,455;;;;;;;;;;;;;
_______ __ _________ __ ______ ______ ______.;3;0;0;7;0,429;;;;;;;;;;;;;
___________ ______, _______ __ ____ _ ____ _______ __ ______.;350;64;106;;;;;;;;;;;;;;;
__ -_____ __ _____ ____ _______ _ ______.;;;;;;;;;;;;;;;;;;
_______ ____ __ -_____, _______ _______ ______ __ __________ ____.;;Total:;520;;;;;;;;;;;;;;;
______ ___ ___ _ _______ __ ______ __ ____, __ ______ __ __ __ ___________ ______ __ ____.;;Total tokens;1664,000;;;;;;;;;;;;;;;
___ ______ __ ____ __ ______ ________ __ ________.;;;1706,000;;;;;;;;;;;;;;;
_ _____, __ _ _____ ___________ __ ______ ____.;;WER;0,305;;;;;;;;;;;;;;;
_____ _, __ __ _____.;;;;;;;;;;;;;;;;;;
_____ __ ________.;;;;;;;;;;;;;;;;;;
____ __ _ _____ ____ _ __ ____, ______ __ _____, _____.;;;;;;;;;;;;;;;;;;
______, __ __ _ __ ____ _ ____, ____, __ __ _____ ____.;;;;;;;;;;;;;;;;;;
___ _____, ____ ____ __ ____ __ _____, __ _____ ___.;;;;;;;;;;;;;;;;;;
_____ __ __ __________.;;;;;;;;;;;;;;;;;;
____.;;;;;;;;;;;;;;;;;;
_____ __ ________.;;;;;;;;;;;;;;;;;;
____!;;;;;;;;;;;;;;;;;;
______, _______ __ _____ __ __________.;;;;;;;;;;;;;;;;;;
____!;;;;;;;;;;;;;;;;;;
__ _____ ________, _______.;;;;;;;;;;;;;;;;;;
__, ________ __ ____ __ _______ ____ _______.;;;;;;;;;;;;;;;;;;
____, ___ ___ _____ __ -_____, ____ __ __ ______ ____.;;;;;;;;;;;;;;;;;;
____ __ __________ _______ __ _ ________.;;;;;;;;;;;;;;;;;;
_____ _____?;;;;;;;;;;;;;;;;;;
___ __ __ ____ __ ____ _ ___.;;;;;;;;;;;;;;;;;;
_____ _ __ ______ _ ___.;;;;;;;;;;;;;;;;;;
__, _______ __ ___ _______, ______ __ __ ____ __ _____.;;;;;;;;;;;;;;;;;;
__ ______ _____ ____ ______ __ _____.;;;;;;;;;;;;;;;;;;
_____ __ _________ __ ____ ____?;;;;;;;;;;;;;;;;;;
_____ _____ _____, __ ____ ___ _______ _ __ ____ __ __ __ ________.;;;;;;;;;;;;;;;;;;
___ __ __ ______ _________, __ __ __ _____ __ ________ __ ___.;;;;;;;;;;;;;;;;;;
__, ____, _____ ___ __ _______, __ __ ____, __ __ __ __ __ __ _____ ___ ___ ___.;;;;;;;;;;;;;;;;;;
_____ _______ __ _______ _ _______ __ ___.;;;;;;;;;;;;;;;;;;
____, __ ___ __ _______ ____, __ _ ____.;;;;;;;;;;;;;;;;;;
__ __ _____, _____ __!;;;;;;;;;;;;;;;;;;
_______ __, __ _ __ _______ ___ __ ______.;;;;;;;;;;;;;;;;;;
__ ____ ___ __ _____ __ ____ _________ __ ____.;;;;;;;;;;;;;;;;;;
__ _________ ___ ___________ __ ______.;;;;;;;;;;;;;;;;;;
____ ____ __ __ ____ ____ __ _____ ______ _______.;;;;;;;;;;;;;;;;;;
__ ____ __ ____ ______ ______ __ __ ____________ _ ____.;;;;;;;;;;;;;;;;;;
__ _____ __ __ ________.;;;;;;;;;;;;;;;;;;
____ ___ __ -_____ __ __ ________, __ __ ______ ____.;;;;;;;;;;;;;;;;;;
______ __ -_____ ______ ______ __ ____ _ ___________ __ ______.;;;;;;;;;;;;;;;;;;
________ _____ _______ _______ ______ __ _______ __ ____ ______.;;;;;;;;;;;;;;;;;;
_ ____ 37 _________ ____ _____ _____ __ ______ _________.;;;;;;;;;;;;;;;;;;
_ ______, ____, _____ __ _____, ____ _ _______ __________ __ ____.;;;;;;;;;;;;;;;;;;
_____ _ _______ ___?;;;;;;;;;;;;;;;;;;
_____ _ _______?;;;;;;;;;;;;;;;;;;
________ ____ ___ ____ ________ __ _______ __ ______.;;;;;;;;;;;;;;;;;;
_____ __ _____ _ _______ _ ___ __ ____ _____.;;;;;;;;;;;;;;;;;;
___ _ _______.;;;;;;;;;;;;;;;;;;
_ _______ ___ ___.;;;;;;;;;;;;;;;;;;
____ ______ ___.;;;;;;;;;;;;;;;;;;
_____ ____ _____ _______ __ ________ _ ____.;;;;;;;;;;;;;;;;;;
________ _.;;;;;;;;;;;;;;;;;;
______ ____ _ ___________.;;;;;;;;;;;;;;;;;;
________ ______ __ _____ _________.;;;;;;;;;;;;;;;;;;
_____, __ ______ ______ _____ ________ _ ___ ______.;;;;;;;;;;;;;;;;;;
___ _?;;;;;;;;;;;;;;;;;;
_______, _ ____?;;;;;;;;;;;;;;;;;;
_____ __ ____, __ ______ __ _______ __ ______ ____________.;;;;;;;;;;;;;;;;;;
___, __ __ __ ____, __ __ __ __________?;;;;;;;;;;;;;;;;;;
________ ______ __ ____ __ _____ __ __ ____.;;;;;;;;;;;;;;;;;;
___ ___, ______ __ _____ _______ ____ __ ______ ____, __ _____ ___, ______ _______ _______ __________ __ ____ _____ ___.;;;;;;;;;;;;;;;;;;
_____.;;;;;;;;;;;;;;;;;;
_____ ___, ___ _____ ____.;;;;;;;;;;;;;;;;;;
________ __ __ ____ _____ _______ ___.;;;;;;;;;;;;;;;;;;
___ ________ __ ________ _ __ __ __ ______, __ _ ____ _____ ______.;;;;;;;;;;;;;;;;;;
_ ___ ________ __ ______ _ ___, __ __ _ ______ ________.;;;;;;;;;;;;;;;;;;
_______ ___, __ ______ _____ ______ ____ ____ ___ ____ __ _______.;;;;;;;;;;;;;;;;;;
____ _____ _ __ _______ ____ _ __ ____ __ ______ __.;;;;;;;;;;;;;;;;;;
_____ ______ __ _______, __ __ ___ ______ ___________ _____ ______ _ _______ __.;;;;;;;;;;;;;;;;;;
_ ______ __ __ ______ ______ __ _______ ___________ ____ _ ___ _______.;;;;;;;;;;;;;;;;;;
__ ____, ____ _____ __ ______ __ __ ______ ___.;;;;;;;;;;;;;;;;;;
______...;;;;;;;;;;;;;;;;;;
______ __ ________ ____ _ ___ _______.;;;;;;;;;;;;;;;;;;
_____, ___ __ _____.;;;;;;;;;;;;;;;;;;
______ __ ___ _______, __ ___ _____ ______.;;;;;;;;;;;;;;;;;;
_______, __ ______ _____ ___ ___ ______.;;;;;;;;;;;;;;;;;;
______ __ __________ ___________ _____ ___ __ _______.;;;;;;;;;;;;;;;;;;
____ __________ ______ __ _________ ______ ___.;;;;;;;;;;;;;;;;;;
_____ __ __________?;;;;;;;;;;;;;;;;;;
__.;;;;;;;;;;;;;;;;;;
_____, ______ __ _____?;;;;;;;;;;;;;;;;;;
___ __.;;;;;;;;;;;;;;;;;;
_ __ _______ ______ __ _____ _____.;;;;;;;;;;;;;;;;;;
_______ __________ _____.;;;;;;;;;;;;;;;;;;
_ _____ _______ ____.;;;;;;;;;;;;;;;;;;
______ _____ _______.;;;;;;;;;;;;;;;;;;
____ _____ _______.;;;;;;;;;;;;;;;;;;
_____ _ ____ __________ _____?;;;;;;;;;;;;;;;;;;
_________ _____.;;;;;;;;;;;;;;;;;;
_____ ____ ____ ___.;;;;;;;;;;;;;;;;;;
_________ __ __ _______ _________ ________ _ _______.;;;;;;;;;;;;;;;;;;
________ _____, ______.;;;;;;;;;;;;;;;;;;
_____ _______, _____ _________, _____ ____...;;;;;;;;;;;;;;;;;;
_____.;;;;;;;;;;;;;;;;;;
_____.;;;;;;;;;;;;;;;;;;
_____.;;;;;;;;;;;;;;;;;;
______ __ ______ _____ _____ _____.;;;;;;;;;;;;;;;;;;
__ ______ __ ________ _ _____ _____ __________.;;;;;;;;;;;;;;;;;;
__ _____ __ __ ____.;;;;;;;;;;;;;;;;;;
__ _____ __ __ ______ ______.;;;;;;;;;;;;;;;;;;
______ ___ _____ _ _____ __ ______.;;;;;;;;;;;;;;;;;;
_ __ __ ______ __ _ ______ ______ __ __ ________.;;;;;;;;;;;;;;;;;;
____ _______ __ -_____ ______ _ ______ ______ __ _____.;;;;;;;;;;;;;;;;;;
______ ________ ______ __ ________ __, __ __ __ ______ _____ _____ _____ __ ____.;;;;;;;;;;;;;;;;;;
_______, ____ __ __ ____?;;;;;;;;;;;;;;;;;;
__, ____ _______.;;;;;;;;;;;;;;;;;;
_______ _ ___ _ __________.;;;;;;;;;;;;;;;;;;
_____.;;;;;;;;;;;;;;;;;;
____.;;;;;;;;;;;;;;;;;;
______ __ ________ __ -_____.;;;;;;;;;;;;;;;;;;
__, __ __ __ __ _____ __ ____ _______.;;;;;;;;;;;;;;;;;;
__ __ _____.;;;;;;;;;;;;;;;;;;
____ __ _____ ____.;;;;;;;;;;;;;;;;;;
____ __ ______ _______?;;;;;;;;;;;;;;;;;;
_____ __ _.;;;;;;;;;;;;;;;;;;
_, _____ ____.;;;;;;;;;;;;;;;;;;
_____?;;;;;;;;;;;;;;;;;;
______ __ __ __?;;;;;;;;;;;;;;;;;;
__________ __ __?;;;;;;;;;;;;;;;;;;
______ __ __ __?;;;;;;;;;;;;;;;;;;
___ ____ ______ __ _____?;;;;;;;;;;;;;;;;;;
____ __ _ ________?;;;;;;;;;;;;;;;;;;
__ _____ _ _________.;;;;;;;;;;;;;;;;;;
___ __ _ ______ ____?;;;;;;;;;;;;;;;;;;
___ __ _ ______.;;;;;;;;;;;;;;;;;;
____ ____ ______ __ _____?;;;;;;;;;;;;;;;;;;
______ __ ____ __ _ ________?;;;;;;;;;;;;;;;;;;
___ ____ __ ________ ______?;;;;;;;;;;;;;;;;;;
_ ____ _ ______ ______.;;;;;;;;;;;;;;;;;;
______ ____ __ _ ____ __ -______ ______ __ __ ______.;;;;;;;;;;;;;;;;;;
______ ____, ____ ________ __ _______ __?;;;;;;;;;;;;;;;;;;
__ __ __ __ ____ __ ___ __ -________?;;;;;;;;;;;;;;;;;;
____ __ __ __?;;;;;;;;;;;;;;;;;;
____ _____ __ _ ________?;;;;;;;;;;;;;;;;;;
_____, __ ___ _______.;;;;;;;;;;;;;;;;;;
_____ __ __ ______.;;;;;;;;;;;;;;;;;;
__ ___ _______.;;;;;;;;;;;;;;;;;;
__ _______ _____ __ _ ____.;;;;;;;;;;;;;;;;;;
___ ____ ____ __ _______ __ _______?;;;;;;;;;;;;;;;;;;
___ __ _______ ____ __, __ ____ __ __ _ ______.;;;;;;;;;;;;;;;;;;
___ ____, _____ __ _ ______ ____ ___ __ __ _______?;;;;;;;;;;;;;;;;;;
____ __ _ _____?;;;;;;;;;;;;;;;;;;
_____ __ _____ __?;;;;;;;;;;;;;;;;;;
______, __ ____ ___ __ ____ __ -________, ___ __.;;;;;;;;;;;;;;;;;;
______ ______ _______, ______ _ _____ _ __ _________ _____ _ ______ __ _______ ______.;;;;;;;;;;;;;;;;;;
_______ ___, __ ______ _ ___ __________ _ __ __ _______ __.;;;;;;;;;;;;;;;;;;
__ ____ __ -_____, __ ______ ___ ___ ____ _ _____.;;;;;;;;;;;;;;;;;;
____ __ _______ ____ _______ ________ __ __ _ _____ _ ____ _______ __ ______ _ ______.;;;;;;;;;;;;;;;;;;
____ _ __ _______, ____ _ ___ _________.;;;;;;;;;;;;;;;;;;
__ ___ ____ __ __ ________ ____?;;;;;;;;;;;;;;;;;;
__ _______ __, _____ ____ __ __ _____?;;;;;;;;;;;;;;;;;;
___ __ ____ __ ____, __ _ _______ __ __ __ ______ _ __ ___?;;;;;;;;;;;;;;;;;;
________, ____ __ __________.;;;;;;;;;;;;;;;;;;
____ __ _______?;;;;;;;;;;;;;;;;;;
__ __ _____ __ _ ________ _____.;;;;;;;;;;;;;;;;;;
_____ ______, __ ________.;;;;;;;;;;;;;;;;;;
_ ____ __ _ ________?;;;;;;;;;;;;;;;;;;
__ ________ __ _ __________?;;;;;;;;;;;;;;;;;;
___ ______ _ __ ____ ___________, ____ ____ __ __ _______.;;;;;;;;;;;;;;;;;;
_____ __ __ _____.;;;;;;;;;;;;;;;;;;
___ ____ _____ __ _____?;;;;;;;;;;;;;;;;;;
_______ __ ______, _____ _______.;;;;;;;;;;;;;;;;;;
____ ______ __ __ __ _____ __ ______, __ __ __________.;;;;;;;;;;;;;;;;;;
____ ______ _____ _ ___ _ ___ __ __ __ __________.;;;;;;;;;;;;;;;;;;
____ ____ ____ __ _ __ _____.;;;;;;;;;;;;;;;;;;
__ _____?;;;;;;;;;;;;;;;;;;
__ __ ______ ____?;;;;;;;;;;;;;;;;;;
____ _____.;;;;;;;;;;;;;;;;;;
_______ __.;;;;;;;;;;;;;;;;;;
____ _______ __ _____ ______ __ ________, __ ______ __ _______, __ ____ __ _____ _________.;;;;;;;;;;;;;;;;;;
__ _________ __ ___ ________________, __ ____ __ _____ _ _______ ___ ___.;;;;;;;;;;;;;;;;;;
_ __ _ _____, _________ _______ _ _ ________.;;;;;;;;;;;;;;;;;;
____ ___ __ -_____ ______ _ _____ __ ______ __ __ ________ _ _________ __________ __________.;;;;;;;;;;;;;;;;;;
______ _ _______, __________ __ _________ ______.;;;;;;;;;;;;;;;;;;
_ _______ _ ___ _________ _________ _______ __ ______ _____________ ____.;;;;;;;;;;;;;;;;;;
______, _____ __ __ ____?;;;;;;;;;;;;;;;;;;
_____ __ ___ __ ________?;;;;;;;;;;;;;;;;;;
_____ __ _____ __ ______?;;;;;;;;;;;;;;;;;;
_______, __ ___ __ _____ ______ ____.;;;;;;;;;;;;;;;;;;
________ __ ___ __ _____ ________?;;;;;;;;;;;;;;;;;;
_________.;;;;;;;;;;;;;;;;;;
_________ _______ _______.;;;;;;;;;;;;;;;;;;
______ __ _________.;;;;;;;;;;;;;;;;;;
________ __ ________, ________, ________ _ __________.;;;;;;;;;;;;;;;;;;
___ _______.;;;;;;;;;;;;;;;;;;
__ ____ ______.;;;;;;;;;;;;;;;;;;
____ ____ __________ ________ _ ___, __ _________, __ _________ ____ _ ___ _ _ ________.;;;;;;;;;;;;;;;;;;
____ ____ _____ __ _?;;;;;;;;;;;;;;;;;;
____ _ _____ ______.;;;;;;;;;;;;;;;;;;
______ _ _____.;;;;;;;;;;;;;;;;;;
______ _ ______ __ __ ________.;;;;;;;;;;;;;;;;;;
___ _______ _____ __ _______.;;;;;;;;;;;;;;;;;;
______, _____ __ ____?;;;;;;;;;;;;;;;;;;
________ __ __ __ _____ ______.;;;;;;;;;;;;;;;;;;
______, ___ _ ________, ____ _____ ______ __ __ _____ _________ ______.;;;;;;;;;;;;;;;;;;
____ ____ _____ __ _?;;;;;;;;;;;;;;;;;;
____ _ _______.;;;;;;;;;;;;;;;;;;
__, __ __ ______ _ _____ _ ___.;;;;;;;;;;;;;;;;;;
_ ____ _______ __, ______?;;;;;;;;;;;;;;;;;;
____ ____ _____ ______ _____?;;;;;;;;;;;;;;;;;;
____ __ _ _____ ____.;;;;;;;;;;;;;;;;;;
_____ _____?;;;;;;;;;;;;;;;;;;
____ __ __ _____ _____.;;;;;;;;;;;;;;;;;;
_______ ___ __ ________.;;;;;;;;;;;;;;;;;;
______, ________, ____, ___ __ _________.;;;;;;;;;;;;;;;;;;
_____ ______ _____ ______.;;;;;;;;;;;;;;;;;;
______, __ -_____ ______ _ _____ __.;;;;;;;;;;;;;;;;;;
______ _ __.;;;;;;;;;;;;;;;;;;
__ _____ __ _______ ___.;;;;;;;;;;;;;;;;;;
_____ ____ __ __ ______.;;;;;;;;;;;;;;;;;;
_________ __ _ ___ _ __ __________.;;;;;;;;;;;;;;;;;;
____ _________ ______.;;;;;;;;;;;;;;;;;;
______ __ __ __ _______ _____.;;;;;;;;;;;;;;;;;;
__ _ _________.;;;;;;;;;;;;;;;;;;
_________ __ ______ _______.;;;;;;;;;;;;;;;;;;
_____, _ __ ____ __ _ _______.;;;;;;;;;;;;;;;;;;
______ __ _______ ______ __ ___ ______.;;;;;;;;;;;;;;;;;;
____ ____ __ __ _____.;;;;;;;;;;;;;;;;;;
__________ __ _____ _____________ ____ _______ ______ __ __ ______ ___ ________ __ ________ ______.;;;;;;;;;;;;;;;;;;
___, __ _ ______ _ _____ _________ __ _______ ______________ _____.;;;;;;;;;;;;;;;;;;
______, _____, _______ __ _____ ___ _ _____ __ _ __ ____ _______ ______ _____ ____.;;;;;;;;;;;;;;;;;;
________ __________ ____ _______.;;;;;;;;;;;;;;;;;;
________ ____ _?;;;;;;;;;;;;;;;;;;
___ ______ __ ____ __ _ ___ _____.;;;;;;;;;;;;;;;;;;
__ _____ __ ___.;;;;;;;;;;;;;;;;;;
___ ____?;;;;;;;;;;;;;;;;;;
__ ______ __?;;;;;;;;;;;;;;;;;;
_____ _____________.;;;;;;;;;;;;;;;;;;
___________ ____ _ __ __ _____?;;;;;;;;;;;;;;;;;;
__, ________ ____.;;;;;;;;;;;;;;;;;;
_ _____ ________ __ ________.;;;;;;;;;;;;;;;;;;
__ ___ _______ _ ____ _______.;;;;;;;;;;;;;;;;;;
_______ __ __ ______.;;;;;;;;;;;;;;;;;;
___ __ __ ____.;;;;;;;;;;;;;;;;;;
__ __ ______ _____, __ __ _______ __ ______.;;;;;;;;;;;;;;;;;;
_________ ___ __ _____?;;;;;;;;;;;;;;;;;;
______ _____.;;;;;;;;;;;;;;;;;;
___ _____ __ ______ __ _______...;;;;;;;;;;;;;;;;;;
_______ __ _______ _______.;;;;;;;;;;;;;;;;;;
__ ____ __ __ ______.;;;;;;;;;;;;;;;;;;
____ ____ __ __ _____ _____ ______________.;;;;;;;;;;;;;;;;;;
_ _ __ _____, __ ____ ____ __ _____ _____ _______, __ _ _______ __ __ ____ ____ __ __ ____ _ ____.;;;;;;;;;;;;;;;;;;
_ __ _____, __ _______ ____ __ _______.;;;;;;;;;;;;;;;;;;
__ __ _______.;;;;;;;;;;;;;;;;;;
____ _____.;;;;;;;;;;;;;;;;;;
________ _ __ _____ _______, ______ __ __ __ __ ______ ___________.;;;;;;;;;;;;;;;;;;
____ ___ __ __ __ _____.;;;;;;;;;;;;;;;;;;
___ _______ _ ________, __ __ ____ __ ___ __ _____, __ __ ____ __ _ _______.;;;;;;;;;;;;;;;;;;
__ ___ _______ ______ __ __________.;;;;;;;;;;;;;;;;;;
_ __ _____ ____.;;;;;;;;;;;;;;;;;;
____ __ __ _____, __ ______.;;;;;;;;;;;;;;;;;;
_________ _ __ ________.;;;;;;;;;;;;;;;;;;
____ __ __ ____ _____.;;;;;;;;;;;;;;;;;;
__ _ ______ __ ____ __ ____ ____.;;;;;;;;;;;;;;;;;;
______, ________.;;;;;;;;;;;;;;;;;;
_____ __ ______ ___ ___.;;;;;;;;;;;;;;;;;;
__ __ _______ _______ ________, __ ______ __ _____ ___ _.;;;;;;;;;;;;;;;;;;
____ _____.;;;;;;;;;;;;;;;;;;
___ ___ _______ ___ _______.;;;;;;;;;;;;;;;;;;
_ _ ______ ____ __ __ ______.;;;;;;;;;;;;;;;;;;
___ _______ __ _ ________, __ ___ ___ ______.;;;;;;;;;;;;;;;;;;
______ _______, ______ _ _______.;;;;;;;;;;;;;;;;;;
__ __ _____, __ __ __ ______.;;;;;;;;;;;;;;;;;;
_____ ____ _____ ______ __ __ _____.;;;;;;;;;;;;;;;;;;
__ __ ________ ________ __, __ __ ____ __ _ _______.;;;;;;;;;;;;;;;;;;
_ ____ _____.;;;;;;;;;;;;;;;;;;
_________, ____.;;;;;;;;;;;;;;;;;;
_________.;;;;;;;;;;;;;;;;;;
_______ _______, __ _ __________.;;;;;;;;;;;;;;;;;;
______ __ __ _______ __ ____ __.;;;;;;;;;;;;;;;;;;
________, __ __ ____ ________, _____, __ ____ __ _ __________ ____, ________ _ __ ________ ______, _______ ____.;;;;;;;;;;;;;;;;;;
_____, __ ____ ___ _________ __ _ ___________ _ ______ __ ____ _____ _ ____.;;;;;;;;;;;;;;;;;;
______ __ ________ __ -_____ ________.;;;;;;;;;;;;;;;;;;
____ _ _________.;;;;;;;;;;;;;;;;;;
_ __ ___ _ __________.;;;;;;;;;;;;;;;;;;
_______ __ __ ____ _____ ___________ _ ___, ___________ _ _______ __ __ ________ ____ ____ _ __ ______ _________.;;;;;;;;;;;;;;;;;;
________ __________ __ __ ____ _______ _____.;;;;;;;;;;;;;;;;;;
__ _______ __ __ ______ _______ _______.;;;;;;;;;;;;;;;;;;
____ ____ __ __ _ ___ ___, ____ __ ___ _ ______.;;;;;;;;;;;;;;;;;;
__ ____ __ _ ______ __ ______.;;;;;;;;;;;;;;;;;;
_ __ _____ ____ __ ________.;;;;;;;;;;;;;;;;;;
__ ______ __ _ __ ____ __ ___ __.;;;;;;;;;;;;;;;;;;
__ ____ __ __ _ ____.;;;;;;;;;;;;;;;;;;
__ _ _____ _________.;;;;;;;;;;;;;;;;;;
__ _____, __ _ __ __ ____ __ __ _______.;;;;;;;;;;;;;;;;;;
___ __ _________ ___ _ ___________ _______ __ _______ _______.;;;;;;;;;;;;;;;;;;
____ ___ ____ __ ______ __________ _ ______ _______ ___ __ __ ______.;;;;;;;;;;;;;;;;;;
____ __ __ _________ _ __________?;;;;;;;;;;;;;;;;;;
______ __ _____ _____.;;;;;;;;;;;;;;;;;;
____, ____ ___ _____.;;;;;;;;;;;;;;;;;;
__ ________ __ __?;;;;;;;;;;;;;;;;;;
___.;;;;;;;;;;;;;;;;;;
______ _ _________ __ ________ __ ________.;;;;;;;;;;;;;;;;;;
_____ ___ ___ _ ____ ________?;;;;;;;;;;;;;;;;;;
_____ ___ ___?;;;;;;;;;;;;;;;;;;
__ ___ __ __ ______ __ __ __ __ ___ ______ _______?;;;;;;;;;;;;;;;;;;
____ __ __ __ __ ______.;;;;;;;;;;;;;;;;;;
__ _______ ___, __ __ _.;;;;;;;;;;;;;;;;;;
__ __ _ __ ____ __________.;;;;;;;;;;;;;;;;;;
______, ____ __ ____ __________?;;;;;;;;;;;;;;;;;;
_______ __ ____ ____.;;;;;;;;;;;;;;;;;;
__ ______ __ __ ____, ____ _______ ____?;;;;;;;;;;;;;;;;;;
__, __ __ _____, __ __ _____, ____.;;;;;;;;;;;;;;;;;;
____ __ __ __ _____, ____.;;;;;;;;;;;;;;;;;;
__ __ _ __ _____.;;;;;;;;;;;;;;;;;;
__ ______ __ ___, _ __ __ ___, _ ____.;;;;;;;;;;;;;;;;;;
_ ___, ___________ __.;;;;;;;;;;;;;;;;;;
__ _____ __ ______.;;;;;;;;;;;;;;;;;;
_____ _____?;;;;;;;;;;;;;;;;;;
_____ _____?;;;;;;;;;;;;;;;;;;
_______ __________ __, ___ _?;;;;;;;;;;;;;;;;;;
____ _____.;;;;;;;;;;;;;;;;;;
______ ______, _ __ ________.;;;;;;;;;;;;;;;;;;
___ ______ ______?;;;;;;;;;;;;;;;;;;
_____, __ ____ _____ __ ____________?;;;;;;;;;;;;;;;;;;
__ _ ____.;;;;;;;;;;;;;;;;;;
____ _______, __ __ __ _______?;;;;;;;;;;;;;;;;;;
___ _______.;;;;;;;;;;;;;;;;;;
____ __ _____ ____ __ ____ ______.;;;;;;;;;;;;;;;;;;
____ __ ____.;;;;;;;;;;;;;;;;;;
______ _____?;;;;;;;;;;;;;;;;;;
_______.;;;;;;;;;;;;;;;;;;
________ _ ____ ______ ____ _____ __ ____, ___ ____ ______.;;;;;;;;;;;;;;;;;;
__ ____ __ ______ ______, _ _ _ ____ __ __ __ ______.;;;;;;;;;;;;;;;;;;
______ __ ____ _____ __ _______ ______.;;;;;;;;;;;;;;;;;;
_____ ___, ______ _ ____, __ ______ _ _______ _ __ _____ ___ _________.;;;;;;;;;;;;;;;;;;
__ ____ _____ _ ______ __.;;;;;;;;;;;;;;;;;;
____ _________, _____ __ _______.;;;;;;;;;;;;;;;;;;
___ ____ _____ __ __ _____ ____ _ _______ __.;;;;;;;;;;;;;;;;;;
____ _____ __ _ _______.;;;;;;;;;;;;;;;;;;
__ -_____ ______ __ _____ _ ________ __ ______ _ __________ ___.;;;;;;;;;;;;;;;;;;
______ _____ __ __ _______ __ ________ ________ _ ____.;;;;;;;;;;;;;;;;;;
_____, __ _____ ______, __ ____, __ _____ __ _______.;;;;;;;;;;;;;;;;;;
_____, __ _____ ______ _____, __ ______ __ _____ __ _______.;;;;;;;;;;;;;;;;;;
___ _________ __, _____ __ _________ ______ __ _________.;;;;;;;;;;;;;;;;;;
_ __ __ _________ ____ __ _______?;;;;;;;;;;;;;;;;;;
__ ___ _________?;;;;;;;;;;;;;;;;;;
___ _____ __ _______?;;;;;;;;;;;;;;;;;;
___ -__ __ __ ______ __ __ _ ________ ________.;;;;;;;;;;;;;;;;;;
____ __ _ ________.;;;;;;;;;;;;;;;;;;
______ __ ___ _______.;;;;;;;;;;;;;;;;;;
____ __ _______ ____ __ _______.;;;;;;;;;;;;;;;;;;
_____, _ __ __ _______.;;;;;;;;;;;;;;;;;;
__ ____, ______ ____.;;;;;;;;;;;;;;;;;;
_______ ____ __ ____ ______.;;;;;;;;;;;;;;;;;;
___ __ ______?;;;;;;;;;;;;;;;;;;
__ __ __ __ ____.;;;;;;;;;;;;;;;;;;
_ _______ _____.;;;;;;;;;;;;;;;;;;
____ __ __ ____ __ _________?;;;;;;;;;;;;;;;;;;
____ __ ________ __ 15 ______.;;;;;;;;;;;;;;;;;;
______ __ ___ __ ______ _____.;;;;;;;;;;;;;;;;;;
_____ __ __ _____ __ __ _______ __ ______.;;;;;;;;;;;;;;;;;;
___ ___ __, __ ____ __ _ ________ ________.;;;;;;;;;;;;;;;;;;
______ __ ______ __ __ __ _________ __ __ _______.;;;;;;;;;;;;;;;;;;
___ _______ __ -_____.;;;;;;;;;;;;;;;;;;
______ ___ ______ ___.;;;;;;;;;;;;;;;;;;
_____ ______ _______ ______ __ __ ________ ________ __ ______ __ _ __ _ _______.;;;;;;;;;;;;;;;;;;
______ __ ___ _______ _ _______ __ ______ _______.;;;;;;;;;;;;;;;;;;
______ ____ ____ __ ____ _____.;;;;;;;;;;;;;;;;;;
_______ ______ ___!;;;;;;;;;;;;;;;;;;
_____ ________.;;;;;;;;;;;;;;;;;;
_____ _____ ________.;;;;;;;;;;;;;;;;;;
____ __.;;;;;;;;;;;;;;;;;;
___ ___ -____ __ __________.;;;;;;;;;;;;;;;;;;
_____ _____ _ _____.;;;;;;;;;;;;;;;;;;
_____ _.;;;;;;;;;;;;;;;;;;
_ ____ _____ _?;;;;;;;;;;;;;;;;;;
____ _ _________.;;;;;;;;;;;;;;;;;;
______ __ ______?;;;;;;;;;;;;;;;;;;
__ ______ __ _______.;;;;;;;;;;;;;;;;;;
_____!;;;;;;;;;;;;;;;;;;
_ ____ _ _____ _______?;;;;;;;;;;;;;;;;;;
_____ ____ _______.;;;;;;;;;;;;;;;;;;
___ ____ _____ __ ______?;;;;;;;;;;;;;;;;;;
______, ____ _ _________ _ __ _ __ __________?;;;;;;;;;;;;;;;;;;
__, __ _____ ____.;;;;;;;;;;;;;;;;;;
______, ___ __ _________ ____ __ ____ ____?;;;;;;;;;;;;;;;;;;
_____ _____ _____, __ ____ _____ ____ __ ____.;;;;;;;;;;;;;;;;;;
_____ __ __ __ ____.;;;;;;;;;;;;;;;;;;
__ ___ _______, __ _____ ____.;;;;;;;;;;;;;;;;;;
______, __ _____ _______, _____, _____ ____ __ _____, _ _ __ __ _____ ____.;;;;;;;;;;;;;;;;;;
__ ___ _______, __ _____ __ __ __ ____ ________ ____.;;;;;;;;;;;;;;;;;;
____ __ _____!;;;;;;;;;;;;;;;;;;
______ ___ __ ____ __ ____ ____.;;;;;;;;;;;;;;;;;;
____ __ _ _________ ____!;;;;;;;;;;;;;;;;;;
______, _____ _ ____?;;;;;;;;;;;;;;;;;;
_____ ______ __, ____?;;;;;;;;;;;;;;;;;;
____!;;;;;;;;;;;;;;;;;;
____ ____ _______.;;;;;;;;;;;;;;;;;;
__ _______ __ ________ ____, __ ________ ____.;;;;;;;;;;;;;;;;;;
____ _ __ ___, __ ________.;;;;;;;;;;;;;;;;;;
__, __, __, __ ____ __ __ ________ ____.;;;;;;;;;;;;;;;;;;
______, _______ __, ____ ______ _ ______ ________.;;;;;;;;;;;;;;;;;;
____ __ _______ __ __ __ _________ _______?;;;;;;;;;;;;;;;;;;
____!;;;;;;;;;;;;;;;;;;
__ ____ __ __ _____, _____ _____ __ ______.;;;;;;;;;;;;;;;;;;
_ _ ____ ____ __ ______ __ __ __ __ _____ ____ _____.;;;;;;;;;;;;;;;;;;
____ __ _______.;;;;;;;;;;;;;;;;;;
____ ______ __ ___ __ _____ __ ___.;;;;;;;;;;;;;;;;;;
____ __ _____ __ _ ______ _ ___.;;;;;;;;;;;;;;;;;;
_ __ __ ____ ___ _______, __ ____ _______.;;;;;;;;;;;;;;;;;;
___ ___ ______ _ __ __________.;;;;;;;;;;;;;;;;;;
______ __ __ ____.;;;;;;;;;;;;;;;;;;
___ __ __ ____.;;;;;;;;;;;;;;;;;;
______, __ __ __ __ _______ __ ________.;;;;;;;;;;;;;;;;;;
_ __ _____ __ _____?;;;;;;;;;;;;;;;;;;
___ ___ __ -_____ ______ ______ __ ______ _ ____________ __ ___ ___ _ __ ____ ______ __.;;;;;;;;;;;;;;;;;;
____________ _ ____ __________ __ _ ____.;;;;;;;;;;;;;;;;;;
___, ______ ____ __ ______?;;;;;;;;;;;;;;;;;;
__, ____ ____ __ _, _____ __ __ _____.;;;;;;;;;;;;;;;;;;
_____ __ ______ ____, ______ ___ ___ __ __ ________ ______ __ __ ______ ____.;;;;;;;;;;;;;;;;;;
__, __ ____?;;;;;;;;;;;;;;;;;;
_____ _____ __ _____ ____?;;;;;;;;;;;;;;;;;;
_____ _____ _____, _____ _____ __ ____.;;;;;;;;;;;;;;;;;;
____ _ __ ______ ______ __ __ __ ___ ___.;;;;;;;;;;;;;;;;;;
__ __ __ _____ ______.;;;;;;;;;;;;;;;;;;
______?;;;;;;;;;;;;;;;;;;
__ ___ ______.;;;;;;;;;;;;;;;;;;
____ __ __ ______ _ ___ ____.;;;;;;;;;;;;;;;;;;
____, __ ____ __ __ _______, __ __ -_____ ___ ___ _ __________.;;;;;;;;;;;;;;;;;;
_ __ ____ ___ __ __ _____.;;;;;;;;;;;;;;;;;;
___.;;;;;;;;;;;;;;;;;;
__ __ ______ __ __ _ _____.;;;;;;;;;;;;;;;;;;
____ ___ ___ __ ___ ____ __ _____.;;;;;;;;;;;;;;;;;;
______ ______, __ __ _____, __ ______ __ __ ______ _ ___ ____.;;;;;;;;;;;;;;;;;;
___ _____ __ ______.;;;;;;;;;;;;;;;;;;
_________ __ _______, __ __ ___ _____ _____ _ __ __ ____ __ __ _______ _ _______.;;;;;;;;;;;;;;;;;;
__ __ _ ____.;;;;;;;;;;;;;;;;;;
__ _____ ______ _____ _______ __ ____ ________.;;;;;;;;;;;;;;;;;;
__ __________ ______ ______ _____ _ ______ __ _______.;;;;;;;;;;;;;;;;;;
37 -_ _________ ____ _______ __ ________, __ ________ _____ __________ ________ ____.;;;;;;;;;;;;;;;;;;
__ ____ _______ __ ______ ___ ___ __ _______ _________ __ _______ __, ______ __________ _ _ ____________.;;;;;;;;;;;;;;;;;;
______ __ ______ __ _____ _____ _____.;;;;;;;;;;;;;;;;;;
__ __ _____ ____ _______.;;;;;;;;;;;;;;;;;;
_____, __ __ ______ __ _ __ ______ _____ _____.;;;;;;;;;;;;;;;;;;
__________ _ _______ __ _____ ________.;;;;;;;;;;;;;;;;;;
__ ______ __ __ ________, ______ ___ __ 8 _______.;;;;;;;;;;;;;;;;;;
_ _____, __ ____ __ _______ ______.;;;;;;;;;;;;;;;;;;
____ _ ____ __ 8 _____.;;;;;;;;;;;;;;;;;;
_____ _ _______, _____, ________.;;;;;;;;;;;;;;;;;;
_____ _ ______.;;;;;;;;;;;;;;;;;;
_________ _____ _ _______ _____.;;;;;;;;;;;;;;;;;;
_ ______, ___ ______, __ __ ____ __ __ _____ __ ____, ___________ __ __ ______.;;;;;;;;;;;;;;;;;;
______ _ _______ ________ _ ___ ____.;;;;;;;;;;;;;;;;;;
___ ____ __________ _____ __ ____, __ __ __ _______.;;;;;;;;;;;;;;;;;;
_________.;;;;;;;;;;;;;;;;;;
_________.;;;;;;;;;;;;;;;;;;
____, __ _____ __, _____ __ ____ __ _____.;;;;;;;;;;;;;;;;;;
_____ __ _ _______, __ ____ ______ ________ __ ___, __ __ __ ____ __ ____, __ ___ _ __ _______, __ __ _______ __ ____ __ __ __ _____ ___.;;;;;;;;;;;;;;;;;;
______ _____ __ _______ _ _________, ____ __ _______ ________ _______.;;;;;;;;;;;;;;;;;;
__ ___ -______ ________ ________ _______.;;;;;;;;;;;;;;;;;;
_______ _____ __ _ _______ _________ ___________.;;;;;;;;;;;;;;;;;;
_____ _____ ____ ______ ___?;;;;;;;;;;;;;;;;;;
_ ___ ____ _ ____?;;;;;;;;;;;;;;;;;;
_______ _______ __ _______.;;;;;;;;;;;;;;;;;;
__ ____ _ ___ ___.;;;;;;;;;;;;;;;;;;
__ _____?;;;;;;;;;;;;;;;;;;
_____ _ _____ __ _______?;;;;;;;;;;;;;;;;;;
__ ____ ______, _______ __ _______ _ __ ____.;;;;;;;;;;;;;;;;;;
____ _____, __ _ ___ __________ ___ __________ _____.;;;;;;;;;;;;;;;;;;
___ __ _____ _ _____.;;;;;;;;;;;;;;;;;;
__ -__ -__, _______, ____ ______ ____.;;;;;;;;;;;;;;;;;;
__ _ ___ __ ____?;;;;;;;;;;;;;;;;;;
____ __ _____ ____ ___ ___, ___ ________ __ _____ _______ ________, __ __ _______, ____ __ __ __ __ _____ __ __ ______ ____ ____, _ __, ______, __ __ __ _______, _ _ _____ __ __ __ -_____ __ _____.;;;;;;;;;;;;;;;;;;
____.;;;;;;;;;;;;;;;;;;
_____, __ ____ _____ __ __ _____ _____, ______ _____ __ __ __ __ _______ _ ______ ______.;;;;;;;;;;;;;;;;;;
____ ____ __ __ _____.;;;;;;;;;;;;;;;;;;
__ __ ______ __ _____, ______ ______ ________ _ ______.;;;;;;;;;;;;;;;;;;
_____ _ _________ ________, _ __ _ ___ ______ ______.;;;;;;;;;;;;;;;;;;
____ ____ ________ ____ __ ________, ___ ____.;;;;;;;;;;;;;;;;;;
______ __, __ ____ ____ ____ __ ______, _______ __, __ ______ __ __ ______, ___ ____, ___ ____ __ __ __________ ______ ____.;;;;;;;;;;;;;;;;;;
_______ ____ __ -_____ ______ __ _ __ ____ __ __ ___________.;;;;;;;;;;;;;;;;;;
____ ____ ______ ____ _ _______ __, _______ ________ __________ _______ _ __ __ __ _____ _ __________.;;;;;;;;;;;;;;;;;;
____ _______?;;;;;;;;;;;;;;;;;;
_____.;;;;;;;;;;;;;;;;;;
_____ _ _____ _ __ _________.;;;;;;;;;;;;;;;;;;
_________, __ __ ______ ____.;;;;;;;;;;;;;;;;;;
______ _____ __ __ _____.;;;;;;;;;;;;;;;;;;
___ _____ __ __ ________?;;;;;;;;;;;;;;;;;;
_____ _____ _____, __ ___ ________.;;;;;;;;;;;;;;;;;;
__ __ _______, __ _ ________ __ ___ ________.;;;;;;;;;;;;;;;;;;
_________ __, _________.;;;;;;;;;;;;;;;;;;
__ ____________ __ _________, _ ____ __ _ _ _______.;;;;;;;;;;;;;;;;;;
______ __ _________ __ __ __ _______.;;;;;;;;;;;;;;;;;;
_________ _ _____.;;;;;;;;;;;;;;;;;;
_____ ____ ___ _______ ___ __ _____.;;;;;;;;;;;;;;;;;;
____ ___ __ ____ _ _____.;;;;;;;;;;;;;;;;;;
____ __ __ _______.;;;;;;;;;;;;;;;;;;
__ ____ __ _______ ______ ____ __ ______.;;;;;;;;;;;;;;;;;;
_____ _____ __ _____ _ ____?;;;;;;;;;;;;;;;;;;
_____ _____ __ ____?;;;;;;;;;;;;;;;;;;
____, __ ___________ __ __ ________.;;;;;;;;;;;;;;;;;;
____ ______ ____ __ _ _ _______.;;;;;;;;;;;;;;;;;;
_________, __ __ __ _______ _____.;;;;;;;;;;;;;;;;;;
________ __ __ ___.;;;;;;;;;;;;;;;;;;
_____ __ ____, __ __ __ _______ __ _________.;;;;;;;;;;;;;;;;;;
__ __ ______ _ __ ____ __ ____ ________ ______.;;;;;;;;;;;;;;;;;;
__ ____ __ _____ ______ ____.;;;;;;;;;;;;;;;;;;
__ -______ ______ __ __ ___________ _ _____ _____ ______.;;;;;;;;;;;;;;;;;;
____ __ ______ ______ _ ___, __ ____ __ ____ ____ ______.;;;;;;;;;;;;;;;;;;
__ __ ________ ______ __ ____.;;;;;;;;;;;;;;;;;;
__ ____ __ __ __ ______ ____ ____.;;;;;;;;;;;;;;;;;;
______ __ __ _____, _________ __.;;;;;;;;;;;;;;;;;;
______ __ ____ ______ _______.;;;;;;;;;;;;;;;;;;
____ __ ___ _______.;;;;;;;;;;;;;;;;;;
_______ __.;;;;;;;;;;;;;;;;;;
___ __ __________ ______ ______ __ ______ __ ______ ______.;;;;;;;;;;;;;;;;;;
___ _ _______ ________ __ ______ ___ _______, ______ __ ______ _______.;;;;;;;;;;;;;;;;;;
___, ___.;;;;;;;;;;;;;;;;;;
______ __ __ _________.;;;;;;;;;;;;;;;;;;
__ ____ __ ______, __ __ ____ __ ________, _______.;;;;;;;;;;;;;;;;;;
______ __ __ __ ______.;;;;;;;;;;;;;;;;;;
____, ___ _____.;;;;;;;;;;;;;;;;;;
____ ____, __ __ _______ __ ______ _ __ __ _______.;;;;;;;;;;;;;;;;;;
__ _____ ____.;;;;;;;;;;;;;;;;;;
_______ __ ____, __.;;;;;;;;;;;;;;;;;;
____, __ _ ______.;;;;;;;;;;;;;;;;;;
______ __ __ __ _____.;;;;;;;;;;;;;;;;;;
________ _ _____ __ _____ __ ____ _______.;;;;;;;;;;;;;;;;;;
______ __ ______.;;;;;;;;;;;;;;;;;;
_____ _____.;;;;;;;;;;;;;;;;;;
_____, __ _________ __ ________.;;;;;;;;;;;;;;;;;;
______ ______ __ ____.;;;;;;;;;;;;;;;;;;
___.;;;;;;;;;;;;;;;;;;
____ __ ________, ______ ________ ______ ______, __ ________ __ _____ ____ __ ____ ______.;;;;;;;;;;;;;;;;;;
__ ____, __ __ _____ ______ _ _____ _________ _ ________ ______ ____ __ ____, __ _________ _____, __ __ ____ ______ __ _____ _____ ______ ______ __ _ _ _____ _____ ____ __ ____.;;;;;;;;;;;;;;;;;;
____ _____, __ __ __ ______, ________, __ ______ ________.;;;;;;;;;;;;;;;;;;
__ ___ __ __________ ____ __ _____ __ ______ ______ __ ______.;;;;;;;;;;;;;;;;;;
__ ____ __ _____ __ ____.;;;;;;;;;;;;;;;;;;
______ _ _____ __________, ____ ____ ______ _____ ____ __ ________ __ _ __ ______ _ ____ __.;;;;;;;;;;;;;;;;;;
____ ____ __ __ __ ___.;;;;;;;;;;;;;;;;;;
__ _____ ___________ _______.;;;;;;;;;;;;;;;;;;
37 _________ ____ _____ __ __ ______ __ ______ __ _ __ ____ _____ __ __ _____ _________ __ ____ _______.;;;;;;;;;;;;;;;;;;
_____ __ _?;;;;;;;;;;;;;;;;;;
____ __ _____?;;;;;;;;;;;;;;;;;;
__ ____ ___ _ ____.;;;;;;;;;;;;;;;;;;
_ _____?;;;;;;;;;;;;;;;;;;
____ __ _______, ____ ____ __ _____ _____?;;;;;;;;;;;;;;;;;;
_, _____ ____, __ _____ __ _____ _____ ____.;;;;;;;;;;;;;;;;;;
______ __ ________ _____ _ __ ___.;;;;;;;;;;;;;;;;;;
__ ______ ___.;;;;;;;;;;;;;;;;;;
_ _____ __ __?;;;;;;;;;;;;;;;;;;
___, ___ __ __ _______, ____ __ ____ ___, _ __ ____ ______.;;;;;;;;;;;;;;;;;;
___ ______.;;;;;;;;;;;;;;;;;;
______ _ __________.;;;;;;;;;;;;;;;;;;
___ ______ ____ __ __ _____, ______ ______ _ ___.;;;;;;;;;;;;;;;;;;
_ _ __ ____ _____ _______.;;;;;;;;;;;;;;;;;;
_______ _ _____ _ ____ _____.;;;;;;;;;;;;;;;;;;
__ __ _____ ______.;;;;;;;;;;;;;;;;;;
_, ____ __ __ _____ ______.;;;;;;;;;;;;;;;;;;
____, ____ __ __ _____ ____.;;;;;;;;;;;;;;;;;;
__, __, ____, _________.;;;;;;;;;;;;;;;;;;
__ ___ __ __ __ _______.;;;;;;;;;;;;;;;;;;
_________ __ ______ __ ______ ____, _____ __ __ ______.;;;;;;;;;;;;;;;;;;
____ __ ______.;;;;;;;;;;;;;;;;;;
__ ____ ____.;;;;;;;;;;;;;;;;;;
__, ______, ____.;;;;;;;;;;;;;;;;;;
_ __, ____, ____ ____ __ __ ______.;;;;;;;;;;;;;;;;;;
__, ______ ____ __ ______.;;;;;;;;;;;;;;;;;;
_________.;;;;;;;;;;;;;;;;;;
__, __, __, ______.;;;;;;;;;;;;;;;;;;
__, __, ____.;;;;;;;;;;;;;;;;;;
__, ______.;;;;;;;;;;;;;;;;;;
__ __ ____ _____ __ _ _____.;;;;;;;;;;;;;;;;;;
________ __ __ _____ ___.;;;;;;;;;;;;;;;;;;
__ _____ __ _______.;;;;;;;;;;;;;;;;;;
__ __ ______ __ ______ ____ ___ _________.;;;;;;;;;;;;;;;;;;
_____ __ _________ __ -_______.;;;;;;;;;;;;;;;;;;
_____ __ ________.;;;;;;;;;;;;;;;;;;
_ ______ ______ __ _ ___ ______.;;;;;;;;;;;;;;;;;;
____ ___ _____ ______ ___ ____ ______.;;;;;;;;;;;;;;;;;;
_ ____ ___ ______ __ ______.;;;;;;;;;;;;;;;;;;
__ _____ ____ __ ____.;;;;;;;;;;;;;;;;;;
____ ____ __ _____ _______.;;;;;;;;;;;;;;;;;;
_ _____ _____ ________.;;;;;;;;;;;;;;;;;;
_____ __, __ ______ __ ____ ____ __ __ ________.;;;;;;;;;;;;;;;;;;
__ __ __ __ __ _______.;;;;;;;;;;;;;;;;;;
_ ________ __ _____ ____, ___ __ _______ __ __ __ __________ ______.;;;;;;;;;;;;;;;;;;
______ __ ________ __ _____________.;;;;;;;;;;;;;;;;;;
_ __ _______ _____ ___ ____.;;;;;;;;;;;;;;;;;;
___ ___ __ -_____ ______ ______ __ _____ ______ __ _____ _ ___ __ ___________ ___ ________ _ __________ __ ________ ______.;;;;;;;;;;;;;;;;;;
37 -_ _________ _____ ________, __ ___ _____ __ _____ __ ____________ __ ______ __.;;;;;;;;;;;;;;;;;;
______, _____ ___ _?;;;;;;;;;;;;;;;;;;
____ _ __________ __ ____ ______.;;;;;;;;;;;;;;;;;;
_________ __ __ __ ______.;;;;;;;;;;;;;;;;;;
____ _ _______ __ _____.;;;;;;;;;;;;;;;;;;
_ _ _ __ _____ __ ___ ___.;;;;;;;;;;;;;;;;;;
_______ _____, __ _______ __ ______.;;;;;;;;;;;;;;;;;;
_____ _____ __ -______ __ ___.;;;;;;;;;;;;;;;;;;
_____ __ _ _______.;;;;;;;;;;;;;;;;;;
__ ___ ___ __ __ __ _ _____.;;;;;;;;;;;;;;;;;;
____ __ _______ __ ________ __ __ _ ______.;;;;;;;;;;;;;;;;;;
____ __ _____ __ __?;;;;;;;;;;;;;;;;;;
______, _____ __ ___________?;;;;;;;;;;;;;;;;;;
_ ____, _____ __ ___________?;;;;;;;;;;;;;;;;;;
__ __ _____ __ ____.;;;;;;;;;;;;;;;;;;
_______ __ ____.;;;;;;;;;;;;;;;;;;
_____ _ _________?;;;;;;;;;;;;;;;;;;
_____ ______?;;;;;;;;;;;;;;;;;;
__ _____ __ _____, _____ ____ _____.;;;;;;;;;;;;;;;;;;
_____ __ _____ ________ _____.;;;;;;;;;;;;;;;;;;
________ _ __ ___, __ __ _________.;;;;;;;;;;;;;;;;;;
____ _____ __ _______ __ ________ __ _____ __ _______ ___ _______ _______ ____ __ _______.;;;;;;;;;;;;;;;;;;
__ __ __ __ ____ _____ ___ ___________, __ __ __ __ _______ __ -____ __ _____ __ _ _____.;;;;;;;;;;;;;;;;;;
__________ ____ _______ ______ _______ _______ __ ______ __ _________ __ ______ _ _____ ______ __ ______ __ __ _________ __ ____.;;;;;;;;;;;;;;;;;;
_____, _______ ___ ___________ _ _______ _______ _ ____.;;;;;;;;;;;;;;;;;;
_____, _______.;;;;;;;;;;;;;;;;;;
____ ___ _ ___ __ _______, _______.;;;;;;;;;;;;;;;;;;
__ ___ ___ _ ________ __ _____ ____ ____.;;;;;;;;;;;;;;;;;;
_____, __________, ________, __ ____.;;;;;;;;;;;;;;;;;;
_________ __ _____ ______, __ ____ __ ___ _____.;;;;;;;;;;;;;;;;;;
____ _____ __ ____________, _______, __ ____ _ _____ ____ _________ ___________ _____, __ _ ______ ______ _______ ____________.;;;;;;;;;;;;;;;;;;
__, __ __ ______ ______ _____ ____ _ ______ ____ ____, __ __ __________ __ _____ _____.;;;;;;;;;;;;;;;;;;
__, ___?;;;;;;;;;;;;;;;;;;
__, ________.;;;;;;;;;;;;;;;;;;
_ __ __ __ ________ __ _____ _ _____ ______ _______?;;;;;;;;;;;;;;;;;;
__ ____ ______ ___ __ _________ _ __ _ _________?;;;;;;;;;;;;;;;;;;
__, ____ __ _ ______ __ _____ __ _______ _____ ________ ____.;;;;;;;;;;;;;;;;;;
_ _______ ______ ____ __ __ _______ ________.;;;;;;;;;;;;;;;;;;
____ __ __ ______ __ ____ __ ________ _____.;;;;;;;;;;;;;;;;;;
__ __ ________, _____ ______ __ __ ________ _ __ ____ __ _____ __ _ ________.;;;;;;;;;;;;;;;;;;
___________ __ ________ ____.;;;;;;;;;;;;;;;;;;
_______ __ _________________, ______ __ _ ___ ____, ___ __ _______, __ __ ______, __ __________ _ __ ________ ______.;;;;;;;;;;;;;;;;;;
____ __ ____ ___ ____ ___ __ _____.;;;;;;;;;;;;;;;;;;
_____, __ ______ __ ____ _ ______, ____________, _______ __ __________ __ _ ____, ____, _____ __ _______, _____________, _____ _ _____, __ _ _______ _ ___ ______ __ _________.;;;;;;;;;;;;;;;;;;
____, __ __________ ____, _____ _____ __ ___ _ __ _______ ______ -________ _ _______ __ __ _________, _____ __ ______ _ ____, __ ______ _________ ______, ___ ___ ________, _ __ ____ _ __ ________ _ ___ _ _____ ____ __ __________, ____ ________ __ ________.;;;;;;;;;;;;;;;;;;
______ __ ___ ____ __, __ __ _______ __ ______ ____ ____ _ ____, ________ __ _ ____, __ ______ __________ ____ ____, _ _____ __, __ ____ ______ _____.;;;;;;;;;;;;;;;;;;
_____ __ ____ __ __ _______, __ __ ______ ___, ___ ____ _ __ ___ ____.;;;;;;;;;;;;;;;;;;
_____ __ ______ ____, __ _ ____ __ _______ __ __________ __ ______ _______ _ ____ _ __ _______ __ -_____.;;;;;;;;;;;;;;;;;;
____ _______ __ -_____, ______ __ _____ _ ______.;;;;;;;;;;;;;;;;;;
_______ __ __ __ _______, __ _____ ______ __ ____ __ __ ___ __ ________.;;;;;;;;;;;;;;;;;;
_____ __ _ ______, ______ __ __ _______ _______ _ ____.;;;;;;;;;;;;;;;;;;
_ __ __ _ ______?;;;;;;;;;;;;;;;;;;
_____ __ __ ____, __ ______ __ ____ ____, _ _____ ___ __ _______ __ ____ _ ____.;;;;;;;;;;;;;;;;;;
______, _____ _____ _____, __ ________ __ _ ____ _ ______, _ __ ____ __ ____ __ _________ _________ ________ __ ______.;;;;;;;;;;;;;;;;;;
__ __ _____ __ ____ ________, _____ ______.;;;;;;;;;;;;;;;;;;
____ __ -_________ ____ ______ __ _______.;;;;;;;;;;;;;;;;;;
____ __ __, ___ __ _______, ________, __ ___ __ _________.;;;;;;;;;;;;;;;;;;
____ __, __ ____ __ _ ____.;;;;;;;;;;;;;;;;;;
_ ____?;;;;;;;;;;;;;;;;;;
______, __ _ _____ __ __ ______.;;;;;;;;;;;;;;;;;;
________ _________.;;;;;;;;;;;;;;;;;;
____ ______ ______.;;;;;;;;;;;;;;;;;;
______ __________.;;;;;;;;;;;;;;;;;;
____ ________ ____ ____?;;;;;;;;;;;;;;;;;;
_______, __ ______ __ _____.;;;;;;;;;;;;;;;;;;
________.;;;;;;;;;;;;;;;;;;
__ _ ______, _____ _____ ______.;;;;;;;;;;;;;;;;;;
_____ ______ __ ______ __, ___ _____ __ _ ___ ___, __ -_____ __ __ __ ____.;;;;;;;;;;;;;;;;;;
__ ________ ______ _______ _ __ ____ __ ____ _________ __.;;;;;;;;;;;;;;;;;;
_______ ____ _ _______ __ _____ __ _____ _ ___.;;;;;;;;;;;;;;;;;;
______ __ _______ __ ____ __ _ __ ____ __.;;;;;;;;;;;;;;;;;;
__ __ _____ ______, ___ __ _______ __ _______, _________ ____ __ ______ ______.;;;;;;;;;;;;;;;;;;
___ ______ __ -_____.;;;;;;;;;;;;;;;;;;
______ _ _______ _________ ______ __ ______.;;;;;;;;;;;;;;;;;;
___ ____ ______ __ ______, _______ __ ___________ __ ______ _________.;;;;;;;;;;;;;;;;;;
______ __ _____ __ ___ _ ___ _ ______ _ _____, __ __ ________ ____ ______ ______ _ __ __ _______ ____.;;;;;;;;;;;;;;;;;;
_______ _ __ ___________ _ ______, _______ _ __ ___ _ ________, ____ __ ____ _____ __ _________.;;;;;;;;;;;;;;;;;;
____.;;;;;;;;;;;;;;;;;;
__, ____.;;;;;;;;;;;;;;;;;;
_____, ____ ______ _______ __ __ _____.;;;;;;;;;;;;;;;;;;
__ _____ __ __ ______ ___ ______.;;;;;;;;;;;;;;;;;;
___, _____.;;;;;;;;;;;;;;;;;;
______ __ ____?;;;;;;;;;;;;;;;;;;
__, ______ ____.;;;;;;;;;;;;;;;;;;
______ _____ __ ____ _ ______ __ _______, _____.;;;;;;;;;;;;;;;;;;
__ __ _______ _____ _____ _ ________ ________, _ _ ___ _____ _____ _____.;;;;;;;;;;;;;;;;;;
__, __ __ -_____ ___ _____ __ _____ ___________.;;;;;;;;;;;;;;;;;;
_______ __.;;;;;;;;;;;;;;;;;;
_____ __ ______, __ __ ________.;;;;;;;;;;;;;;;;;;
____ ________, __ __ _______ ______.;;;;;;;;;;;;;;;;;;
_ ______ ____________ __ ______ __ _______.;;;;;;;;;;;;;;;;;;
__ __ _______ _____ _____.;;;;;;;;;;;;;;;;;;
_____ __ -________.;;;;;;;;;;;;;;;;;;
__ _____ __ _____ _______ __ ______.;;;;;;;;;;;;;;;;;;
_____ ____ __ ___ ___ __ ________.;;;;;;;;;;;;;;;;;;
_____ __ ______, __ ______ ____ __ __ ______ __ _ __________.;;;;;;;;;;;;;;;;;;
____ __ ______ _ ____ __ __ _____.;;;;;;;;;;;;;;;;;;
__ ____ __ ____ __ ______ ________ ______.;;;;;;;;;;;;;;;;;;
__ __ -____ ____ __ __ _____ _ __ ________.;;;;;;;;;;;;;;;;;;
____________ __ _____ __________.;;;;;;;;;;;;;;;;;;
________ _______ _ _______ _____ _______.;;;;;;;;;;;;;;;;;;
_______ __ ________ ____.;;;;;;;;;;;;;;;;;;
__ _ ______ ______ ______ __ _____, __ __ _______.;;;;;;;;;;;;;;;;;;
__ __ _ _____ _____, ______ ___ __ _______.;;;;;;;;;;;;;;;;;;
_ ____ __ __ ______ _____ __ _________.;;;;;;;;;;;;;;;;;;
__ ____ ____ ____ __ ____.;;;;;;;;;;;;;;;;;;
__ ____ __ __ ______ __ -_____ _ ___.;;;;;;;;;;;;;;;;;;
_ _________ __ __ ____ _____ _____.;;;;;;;;;;;;;;;;;;
____ ____ _________ _____ _________ ______ __ _ _ ________ _ _________ ______.;;;;;;;;;;;;;;;;;;
____, _____ _ ___ __ _______ ________ _ _ _______ _____.;;;;;;;;;;;;;;;;;;
_____ ____, ______ _______ ________ ________ __ _ _______ __ __ _____ ____ ________ _______.;;;;;;;;;;;;;;;;;;
_ _____ ______, _____ _ ______ _______ __ _________ ______ __ ________ _ __ ________ ______.;;;;;;;;;;;;;;;;;;
_ _______ __ __________, __ _____ __ ___ ___ _______, ____ _______ ______ _____ __ __ _____.;;;;;;;;;;;;;;;;;;